X,Y,Z,Yaw,Pitch,Roll,ObjectHeight
324.624321,465.566588,84.785361,3.7997,-55.8101,23.5240,17.075479